n_users,image_based,data_based,mixed_model
20.0,3.525556063636787,2.4429091995880294,2.815520439345631
1200.0,0.2775673412981798,0.2832213488660668,0.28547004354832056
500.0,0.34290547064111965,0.7648163347367012,0.48164255763751535
1000.0,0.30558576183738984,0.2883392897491164,0.27434248924437377
2000.0,0.2710183779948836,0.2641682646960125,0.2388409708591667
3300.0,0.26605631618567865,0.2345064915644614,0.23116884888832476
3382.0,0.28897087726890774,0.2466645832241444,0.24728319089955056
